<?xml version="1.0" encoding="UTF-8"?>
<project-private xmlns="http://www.netbeans.org/ns/project-private/1">
    <editor-bookmarks xmlns="http://www.netbeans.org/ns/editor-bookmarks/2" lastBookmarkId="0"/>
    <open-files xmlns="http://www.netbeans.org/ns/projectui-open-files/2">
        <group>
            <file>file:/C:/Users/Bank/Documents/NetBeansProjects/student-result-system-in-Java-OOP-master/student-result-system-in-Java-OOP-master/student%20result%20system/src/studentsresults/Admin.java</file>
            <file>file:/C:/Users/Bank/Documents/NetBeansProjects/student-result-system-in-Java-OOP-master/student-result-system-in-Java-OOP-master/student%20result%20system/src/studentsresults/Reports.java</file>
        </group>
    </open-files>
</project-private>
